{
  "files": {
    "EVnvZJj9NrgJcyjB9Hltx6r1w1fi20mVG23vv7eI2sC8": {
      "character_encoding": "ETCBOek8JY83XCtZTOUyXlcnTczEdytLp-xpC7eDGRGY",
      "entry (en)": "EJUu256bPq40VO1IpbAyKDlErOZFbix141GerLcOfgh4",
      "entry_code": "E3PGUpSlSQDrmDabXs4_neknGV-5eLYD-5VstMOBimRM",
      "format": "ESxH42FcC2WcnWrJHIeuXr55MoS9EWGl8PUiA-SwTwok",
      "information (en)": "E0P9nrVxglX0G0nQxqUUT2M_-gUUAO-Il3zVBDfD-W4E",
      "label (en)": "EEx61pSoWiYrfcqavqh3xQl-WVGB9MAgOFRVCqXbUKjY",
      "meta (en)": "EKBw_KVlzdxI6tvopUHwdUc2DhmMrGWaZ3h7q1pWi-nA",
      "unit": "E_XuB6gNgVuOjy2pHQvD6wz1KZy8SPUsVTjxYiH0b250"
    }
  },
  "root": "EVnvZJj9NrgJcyjB9Hltx6r1w1fi20mVG23vv7eI2sC8"
}